year_film,year_ceremony,ceremony,name,film,winner
1927,1928,1,The Caddo Company,The Racket,False
1927,1928,1,Fox,7th Heaven,False
1927,1928,1,Paramount Famous Lasky,Wings,True
1928,1929,2,Feature Productions,Alibi,False
1928,1929,2,Fox,In Old Arizona,False
1928,1929,2,Metro-Goldwyn-Mayer,The Broadway Melody,True
1928,1929,2,Metro-Goldwyn-Mayer,The Hollywood Revue of 1929,False
1928,1929,2,Paramount Famous Lasky,The Patriot,False
1929,1930,3,Universal,All Quiet on the Western Front,True
1929,1930,3,Cosmopolitan,The Big House,False
1929,1930,3,Warner Bros.,Disraeli,False
1929,1930,3,Metro-Goldwyn-Mayer,The Divorcee,False
1929,1930,3,Paramount Famous Lasky,The Love Parade,False
1930,1931,4,RKO Radio,Cimarron,True
1930,1931,4,Fox,East Lynne,False
1930,1931,4,The Caddo Company,The Front Page,False
1930,1931,4,Paramount Publix,Skippy,False
1930,1931,4,Metro-Goldwyn-Mayer,Trader Horn,False
1931,1932,5,Samuel Goldwyn Productions,Arrowsmith,False
1931,1932,5,Fox,Bad Girl,False
1931,1932,5,Metro-Goldwyn-Mayer,The Champ,False
1931,1932,5,First National,Five Star Final,False
1931,1932,5,Metro-Goldwyn-Mayer,Grand Hotel,True
1931,1932,5,Paramount Publix,One Hour with You,False
1931,1932,5,Paramount Publix,Shanghai Express,False
1931,1932,5,Paramount Publix,The Smiling Lieutenant,False
1932,1933,6,Fox,Cavalcade,True
1932,1933,6,Paramount,A Farewell to Arms,False
1932,1933,6,Warner Bros.,42nd Street,False
1932,1933,6,Warner Bros.,I Am a Fugitive from a Chain Gang,False
1932,1933,6,Columbia,Lady for a Day,False
1932,1933,6,RKO Radio,Little Women,False
1932,1933,6,London Films,The Private Life of Henry VIII,False
1932,1933,6,Paramount,She Done Him Wrong,False
1932,1933,6,Metro-Goldwyn-Mayer,Smilin' Through,False
1932,1933,6,Fox,State Fair,False
1934,1935,7,Metro-Goldwyn-Mayer,The Barretts of Wimpole Street,False
1934,1935,7,Paramount,Cleopatra,False
1934,1935,7,First National,Flirtation Walk,False
1934,1935,7,RKO Radio,The Gay Divorcee,False
1934,1935,7,Warner Bros.,Here Comes the Navy,False
1934,1935,7,20th Century,The House of Rothschild,False
1934,1935,7,Universal,Imitation of Life,False
1934,1935,7,Columbia,It Happened One Night,True
1934,1935,7,Columbia,One Night of Love,False
1934,1935,7,Metro-Goldwyn-Mayer,The Thin Man,False
1934,1935,7,Metro-Goldwyn-Mayer,Viva Villa!,False
1934,1935,7,Jesse L. Lasky (production company),The White Parade,False
1935,1936,8,RKO Radio,Alice Adams,False
1935,1936,8,Metro-Goldwyn-Mayer,Broadway Melody of 1936,False
1935,1936,8,Cosmopolitan,Captain Blood,False
1935,1936,8,Metro-Goldwyn-Mayer,David Copperfield,False
1935,1936,8,RKO Radio,The Informer,False
1935,1936,8,20th Century,Les Misérables,False
1935,1936,8,Paramount,The Lives of a Bengal Lancer,False
1935,1936,8,Warner Bros.,A Midsummer Night's Dream,False
1935,1936,8,Metro-Goldwyn-Mayer,Mutiny on the Bounty,True
1935,1936,8,Metro-Goldwyn-Mayer,Naughty Marietta,False
1935,1936,8,Paramount,Ruggles of Red Gap,False
1935,1936,8,RKO Radio,Top Hat,False
1936,1937,9,Warner Bros.,Anthony Adverse,False
1936,1937,9,Samuel Goldwyn Productions,Dodsworth,False
1936,1937,9,Metro-Goldwyn-Mayer,The Great Ziegfeld,True
1936,1937,9,Metro-Goldwyn-Mayer,Libeled Lady,False
1936,1937,9,Columbia,Mr. Deeds Goes to Town,False
1936,1937,9,Metro-Goldwyn-Mayer,Romeo and Juliet,False
1936,1937,9,Metro-Goldwyn-Mayer,San Francisco,False
1936,1937,9,Cosmopolitan,The Story of Louis Pasteur,False
1936,1937,9,Metro-Goldwyn-Mayer,A Tale of Two Cities,False
1936,1937,9,Universal,Three Smart Girls,False
1937,1938,10,Columbia,The Awful Truth,False
1937,1938,10,Metro-Goldwyn-Mayer,Captains Courageous,False
1937,1938,10,Samuel Goldwyn Productions,Dead End,False
1937,1938,10,Metro-Goldwyn-Mayer,The Good Earth,False
1937,1938,10,20th Century-Fox,In Old Chicago,False
1937,1938,10,Warner Bros.,The Life of Emile Zola,True
1937,1938,10,Columbia,Lost Horizon,False
1937,1938,10,Universal,One Hundred Men and a Girl,False
1937,1938,10,RKO Radio,Stage Door,False
1937,1938,10,Selznick International Pictures,A Star Is Born,False
1938,1939,11,Warner Bros.-First National,The Adventures of Robin Hood,False
1938,1939,11,20th Century-Fox,Alexander's Ragtime Band,False
1938,1939,11,Metro-Goldwyn-Mayer,Boys Town,False
1938,1939,11,Metro-Goldwyn-Mayer,The Citadel,False
1938,1939,11,Warner Bros.-First National,Four Daughters,False
1938,1939,11,Realization D'Art Cinematographique,Grand Illusion,False
1938,1939,11,Warner Bros.,Jezebel,False
1938,1939,11,Metro-Goldwyn-Mayer,Pygmalion,False
1938,1939,11,Metro-Goldwyn-Mayer,Test Pilot,False
1938,1939,11,Columbia,You Can't Take It with You,True
1939,1940,12,Warner Bros.-First National,Dark Victory,False
1939,1940,12,Selznick International Pictures,Gone with the Wind,True
1939,1940,12,Metro-Goldwyn-Mayer,"Goodbye, Mr. Chips",False
1939,1940,12,RKO Radio,Love Affair,False
1939,1940,12,Columbia,Mr. Smith Goes to Washington,False
1939,1940,12,Metro-Goldwyn-Mayer,Ninotchka,False
1939,1940,12,Hal Roach (production company),Of Mice and Men,False
1939,1940,12,Walter Wanger (production company),Stagecoach,False
1939,1940,12,Metro-Goldwyn-Mayer,The Wizard of Oz,False
1939,1940,12,Samuel Goldwyn Productions,Wuthering Heights,False
1940,1941,13,Warner Bros.,"All This, and Heaven Too",False
1940,1941,13,Walter Wanger (production company),Foreign Correspondent,False
1940,1941,13,20th Century-Fox,The Grapes of Wrath,False
1940,1941,13,Charles Chaplin Productions,The Great Dictator,False
1940,1941,13,RKO Radio,Kitty Foyle,False
1940,1941,13,Warner Bros.,The Letter,False
1940,1941,13,Argosy-Wanger,The Long Voyage Home,False
1940,1941,13,Sol Lesser (production company),Our Town,False
1940,1941,13,Metro-Goldwyn-Mayer,The Philadelphia Story,False
1940,1941,13,Selznick International Pictures,Rebecca,True
1941,1942,14,Metro-Goldwyn-Mayer,Blossoms in the Dust,False
1941,1942,14,Mercury,Citizen Kane,False
1941,1942,14,Columbia,Here Comes Mr. Jordan,False
1941,1942,14,Paramount,Hold Back the Dawn,False
1941,1942,14,20th Century-Fox,How Green Was My Valley,True
1941,1942,14,Samuel Goldwyn Productions,The Little Foxes,False
1941,1942,14,Warner Bros.,The Maltese Falcon,False
1941,1942,14,Warner Bros.,One Foot in Heaven,False
1941,1942,14,Warner Bros.,Sergeant York,False
1941,1942,14,RKO Radio,Suspicion,False
1942,1943,15,Ortus,49th Parallel,False
1942,1943,15,Warner Bros.,Kings Row,False
1942,1943,15,Mercury,The Magnificent Ambersons,False
1942,1943,15,Metro-Goldwyn-Mayer,Mrs. Miniver,True
1942,1943,15,20th Century-Fox,The Pied Piper,False
1942,1943,15,Samuel Goldwyn Productions,The Pride of the Yankees,False
1942,1943,15,Metro-Goldwyn-Mayer,Random Harvest,False
1942,1943,15,Columbia,The Talk of the Town,False
1942,1943,15,Paramount,Wake Island,False
1942,1943,15,Warner Bros.,Yankee Doodle Dandy,False
1943,1944,16,Warner Bros.,Casablanca,True
1943,1944,16,Paramount,For Whom the Bell Tolls,False
1943,1944,16,20th Century-Fox,Heaven Can Wait,False
1943,1944,16,Metro-Goldwyn-Mayer,The Human Comedy,False
1943,1944,16,Two Cities,In Which We Serve,False
1943,1944,16,Metro-Goldwyn-Mayer,Madame Curie,False
1943,1944,16,Columbia,The More the Merrier,False
1943,1944,16,20th Century-Fox,The Ox-Bow Incident,False
1943,1944,16,20th Century-Fox,The Song of Bernadette,False
1943,1944,16,Warner Bros.,Watch on the Rhine,False
1944,1945,17,Paramount,Double Indemnity,False
1944,1945,17,Metro-Goldwyn-Mayer,Gaslight,False
1944,1945,17,Paramount,Going My Way,True
1944,1945,17,Selznick International Pictures,Since You Went Away,False
1944,1945,17,20th Century-Fox,Wilson,False
1945,1946,18,Metro-Goldwyn-Mayer,Anchors Aweigh,False
1945,1946,18,Rainbow Productions,The Bells of St. Mary's,False
1945,1946,18,Paramount,The Lost Weekend,True
1945,1946,18,Warner Bros.,Mildred Pierce,False
1945,1946,18,Selznick International Pictures,Spellbound,False
1946,1947,19,Samuel Goldwyn Productions,The Best Years of Our Lives,True
1946,1947,19,J. Arthur Rank-Two Cities Films,Henry V,False
1946,1947,19,Liberty Films,It's a Wonderful Life,False
1946,1947,19,20th Century-Fox,The Razor's Edge,False
1946,1947,19,Metro-Goldwyn-Mayer,The Yearling,False
1947,1948,20,Samuel Goldwyn Productions,The Bishop's Wife,False
1947,1948,20,RKO Radio,Crossfire,False
1947,1948,20,20th Century-Fox,Gentleman's Agreement,True
1947,1948,20,J. Arthur Rank-Cineguild,Great Expectations,False
1947,1948,20,20th Century-Fox,Miracle on 34th Street,False
1948,1949,21,J. Arthur Rank-Two Cities Films,Hamlet,True
1948,1949,21,Warner Bros.,Johnny Belinda,False
1948,1949,21,J. Arthur Rank-Archers,The Red Shoes,False
1948,1949,21,20th Century-Fox,The Snake Pit,False
1948,1949,21,Warner Bros.,The Treasure of the Sierra Madre,False
1949,1950,22,Robert Rossen Productions,All the King's Men,True
1949,1950,22,Metro-Goldwyn-Mayer,Battleground,False
1949,1950,22,Paramount,The Heiress,False
1949,1950,22,20th Century-Fox,A Letter to Three Wives,False
1949,1950,22,20th Century-Fox,Twelve O'Clock High,False
1950,1951,23,20th Century-Fox,All about Eve,True
1950,1951,23,Columbia,Born Yesterday,False
1950,1951,23,Metro-Goldwyn-Mayer,Father of the Bride,False
1950,1951,23,Metro-Goldwyn-Mayer,King Solomon's Mines,False
1950,1951,23,Paramount,Sunset Boulevard,False
1951,1952,24,"Arthur Freed, Producer",An American in Paris,True
1951,1952,24,"Anatole Litvak and Frank McCarthy, Producers",Decision before Dawn,False
1951,1952,24,"George Stevens, Producer",A Place in the Sun,False
1951,1952,24,"Sam Zimbalist, Producer",Quo Vadis,False
1951,1952,24,"Charles K. Feldman, Producer",A Streetcar Named Desire,False
1952,1953,25,"Cecil B. DeMille, Producer",The Greatest Show on Earth,True
1952,1953,25,"Stanley Kramer, Producer",High Noon,False
1952,1953,25,"Pandro S. Berman, Producer",Ivanhoe,False
1952,1953,25,Romulus Films,Moulin Rouge,False
1952,1953,25,"John Ford and Merian C. Cooper, Producers",The Quiet Man,False
1953,1954,26,"Buddy Adler, Producer",From Here to Eternity,True
1953,1954,26,"John Houseman, Producer",Julius Caesar,False
1953,1954,26,"Frank Ross, Producer",The Robe,False
1953,1954,26,"William Wyler, Producer",Roman Holiday,False
1953,1954,26,"George Stevens, Producer",Shane,False
1954,1955,27,"Stanley Kramer, Producer",The Caine Mutiny,False
1954,1955,27,"William Perlberg, Producer",The Country Girl,False
1954,1955,27,"Sam Spiegel, Producer",On the Waterfront,True
1954,1955,27,"Jack Cummings, Producer",Seven Brides for Seven Brothers,False
1954,1955,27,"Sol C. Siegel, Producer",Three Coins in the Fountain,False
1955,1956,28,"Buddy Adler, Producer",Love Is a Many-Splendored Thing,False
1955,1956,28,"Harold Hecht, Producer",Marty,True
1955,1956,28,"Leland Hayward, Producer",Mister Roberts,False
1955,1956,28,"Fred Kohlmar, Producer",Picnic,False
1955,1956,28,"Hal B. Wallis, Producer",The Rose Tattoo,False
1956,1957,29,"Michael Todd, Producer",Around the World in Eighty Days,True
1956,1957,29,"William Wyler, Producer",Friendly Persuasion,False
1956,1957,29,"George Stevens and Henry Ginsberg, Producers",Giant,False
1956,1957,29,"Charles Brackett, Producer",The King and I,False
1956,1957,29,"Cecil B. DeMille, Producer",The Ten Commandments,False
1957,1958,30,"Sam Spiegel, Producer",The Bridge on the River Kwai,True
1957,1958,30,"Jerry Wald, Producer",Peyton Place,False
1957,1958,30,"William Goetz, Producer",Sayonara,False
1957,1958,30,"Henry Fonda and Reginald Rose, Producers",12 Angry Men,False
1957,1958,30,"Arthur Hornblow, Jr., Producer",Witness for the Prosecution,False
1958,1959,31,Warner Bros.,Auntie Mame,False
1958,1959,31,"Lawrence Weingarten, Producer",Cat on a Hot Tin Roof,False
1958,1959,31,"Stanley Kramer, Producer",The Defiant Ones,False
1958,1959,31,"Arthur Freed, Producer",Gigi,True
1958,1959,31,"Harold Hecht, Producer",Separate Tables,False
1959,1960,32,"Otto Preminger, Producer",Anatomy of a Murder,False
1959,1960,32,"Sam Zimbalist, Producer",Ben-Hur,True
1959,1960,32,"George Stevens, Producer",The Diary of Anne Frank,False
1959,1960,32,"Henry Blanke, Producer",The Nun's Story,False
1959,1960,32,"John Woolf and James Woolf, Producers",Room at the Top,False
1960,1961,33,"John Wayne, Producer",The Alamo,False
1960,1961,33,"Billy Wilder, Producer",The Apartment,True
1960,1961,33,"Bernard Smith, Producer",Elmer Gantry,False
1960,1961,33,"Jerry Wald, Producer",Sons and Lovers,False
1960,1961,33,"Fred Zinnemann, Producer",The Sundowners,False
1961,1962,34,"Joshua Logan, Producer",Fanny,False
1961,1962,34,"Carl Foreman, Producer",The Guns of Navarone,False
1961,1962,34,"Robert Rossen, Producer",The Hustler,False
1961,1962,34,"Stanley Kramer, Producer",Judgment at Nuremberg,False
1961,1962,34,"Robert Wise, Producer",West Side Story,True
1962,1963,35,"Sam Spiegel, Producer",Lawrence of Arabia,True
1962,1963,35,"Darryl F. Zanuck, Producer",The Longest Day,False
1962,1963,35,"Morton Da Costa, Producer",The Music Man,False
1962,1963,35,"Aaron Rosenberg, Producer",Mutiny on the Bounty,False
1962,1963,35,"Alan J. Pakula, Producer",To Kill a Mockingbird,False
1963,1964,36,"Elia Kazan, Producer",America America,False
1963,1964,36,"Walter Wanger, Producer",Cleopatra,False
1963,1964,36,"Bernard Smith, Producer",How the West Was Won,False
1963,1964,36,"Ralph Nelson, Producer",Lilies of the Field,False
1963,1964,36,"Tony Richardson, Producer",Tom Jones,True
1964,1965,37,"Hal B. Wallis, Producer",Becket,False
1964,1965,37,"Stanley Kubrick, Producer",Dr. Strangelove or: How I Learned to Stop Worrying and Love the Bomb,False
1964,1965,37,"Walt Disney and Bill Walsh, Producers",Mary Poppins,False
1964,1965,37,"Jack L. Warner, Producer",My Fair Lady,True
1964,1965,37,"Michael Cacoyannis, Producer",Zorba the Greek,False
1965,1966,38,"Joseph Janni, Producer",Darling,False
1965,1966,38,"Carlo Ponti, Producer",Doctor Zhivago,False
1965,1966,38,"Stanley Kramer, Producer",Ship of Fools,False
1965,1966,38,"Robert Wise, Producer",The Sound of Music,True
1965,1966,38,"Fred Coe, Producer",A Thousand Clowns,False
1966,1967,39,"Lewis Gilbert, Producer",Alfie,False
1966,1967,39,"Fred Zinnemann, Producer",A Man for All Seasons,True
1966,1967,39,"Norman Jewison, Producer",The Russians Are Coming! The Russians Are Coming!,False
1966,1967,39,"Robert Wise, Producer",The Sand Pebbles,False
1966,1967,39,"Ernest Lehman, Producer",Who's Afraid of Virginia Woolf?,False
1967,1968,40,"Warren Beatty, Producer",Bonnie and Clyde,False
1967,1968,40,"Arthur P. Jacobs, Producer",Doctor Dolittle,False
1967,1968,40,"Lawrence Turman, Producer",The Graduate,False
1967,1968,40,"Stanley Kramer, Producer",Guess Who's Coming to Dinner,False
1967,1968,40,"Walter Mirisch, Producer",In the Heat of the Night,True
1968,1969,41,"Ray Stark, Producer",Funny Girl,False
1968,1969,41,"Martin Poll, Producer",The Lion in Winter,False
1968,1969,41,"John Woolf, Producer",Oliver!,True
1968,1969,41,"Paul Newman, Producer","Rachel, Rachel",False
1968,1969,41,"Anthony Havelock-Allan and John Brabourne, Producers",Romeo and Juliet,False
1969,1970,42,"Hal B. Wallis, Producer",Anne of the Thousand Days,False
1969,1970,42,"John Foreman, Producer",Butch Cassidy and the Sundance Kid,False
1969,1970,42,"Ernest Lehman, Producer","Hello, Dolly!",False
1969,1970,42,"Jerome Hellman, Producer",Midnight Cowboy,True
1969,1970,42,"Jacques Perrin and Hamed Rachedi, Producers",Z,False
1970,1971,43,"Ross Hunter, Producer",Airport,False
1970,1971,43,"Bob Rafelson and Richard Wechsler, Producers",Five Easy Pieces,False
1970,1971,43,"Howard G. Minsky, Producer",Love Story,False
1970,1971,43,"Ingo Preminger, Producer",M*A*S*H,False
1970,1971,43,"Frank McCarthy, Producer",Patton,True
1971,1972,44,"Stanley Kubrick, Producer",A Clockwork Orange,False
1971,1972,44,"Norman Jewison, Producer",Fiddler on the Roof,False
1971,1972,44,"Philip D'Antoni, Producer",The French Connection,True
1971,1972,44,"Stephen J. Friedman, Producer",The Last Picture Show,False
1971,1972,44,"Sam Spiegel, Producer",Nicholas and Alexandra,False
1972,1973,45,"Cy Feuer, Producer",Cabaret,False
1972,1973,45,"John Boorman, Producer",Deliverance,False
1972,1973,45,"Bengt Forslund, Producer",The Emigrants,False
1972,1973,45,"Albert S. Ruddy, Producer",The Godfather,True
1972,1973,45,"Robert B. Radnitz, Producer",Sounder,False
1973,1974,46,"Francis Ford Coppola, Producer;  Gary Kurtz, Co-Producer",American Graffiti,False
1973,1974,46,"Ingmar Bergman, Producer",Cries and Whispers,False
1973,1974,46,"William Peter Blatty, Producer",The Exorcist,False
1973,1974,46,"Tony Bill, Michael Phillips and Julia Phillips, Producers",The Sting,True
1973,1974,46,"Melvin Frank, Producer",A Touch of Class,False
1974,1975,47,"Robert Evans, Producer",Chinatown,False
1974,1975,47,"Francis Ford Coppola, Producer;  Fred Roos, Co-Producer",The Conversation,False
1974,1975,47,"Francis Ford Coppola, Producer;  Gray Frederickson and Fred Roos, Co-Producers",The Godfather Part II,True
1974,1975,47,"Marvin Worth, Producer",Lenny,False
1974,1975,47,"Irwin Allen, Producer",The Towering Inferno,False
1975,1976,48,"Stanley Kubrick, Producer",Barry Lyndon,False
1975,1976,48,"Martin Bregman and Martin Elfand, Producers",Dog Day Afternoon,False
1975,1976,48,"Richard D. Zanuck and David Brown, Producers",Jaws,False
1975,1976,48,"Robert Altman, Producer",Nashville,False
1975,1976,48,"Saul Zaentz and Michael Douglas, Producers",One Flew over the Cuckoo's Nest,True
1976,1977,49,"Walter Coblenz, Producer",All the President's Men,False
1976,1977,49,"Robert F. Blumofe and Harold Leventhal, Producers",Bound for Glory,False
1976,1977,49,"Howard Gottfried, Producer",Network,False
1976,1977,49,"Irwin Winkler and Robert Chartoff, Producers",Rocky,True
1976,1977,49,"Michael Phillips and Julia Phillips, Producers",Taxi Driver,False
1977,1978,50,"Charles H. Joffe, Producer",Annie Hall,True
1977,1978,50,"Ray Stark, Producer",The Goodbye Girl,False
1977,1978,50,"Richard Roth, Producer",Julia,False
1977,1978,50,"Gary Kurtz, Producer",Star Wars,False
1977,1978,50,"Herbert Ross and Arthur Laurents, Producers",The Turning Point,False
1978,1979,51,"Jerome Hellman, Producer",Coming Home,False
1978,1979,51,"Barry Spikings, Michael Deeley, Michael Cimino and John Peverall, Producers",The Deer Hunter,True
1978,1979,51,"Warren Beatty, Producer",Heaven Can Wait,False
1978,1979,51,"Alan Marshall and David Puttnam, Producers",Midnight Express,False
1978,1979,51,"Paul Mazursky and Tony Ray, Producers",An Unmarried Woman,False
1979,1980,52,"Robert Alan Aurthur, Producer",All That Jazz,False
1979,1980,52,"Francis Coppola, Producer;  Fred Roos, Gray Frederickson and Tom Sternberg, Co-Producers",Apocalypse Now,False
1979,1980,52,"Peter Yates, Producer",Breaking Away,False
1979,1980,52,"Stanley R. Jaffe, Producer",Kramer vs. Kramer,True
1979,1980,52,"Tamara Asseyev and Alex Rose, Producers",Norma Rae,False
1980,1981,53,"Bernard Schwartz, Producer",Coal Miner's Daughter,False
1980,1981,53,"Jonathan Sanger, Producer",The Elephant Man,False
1980,1981,53,"Ronald L. Schwary, Producer",Ordinary People,True
1980,1981,53,"Irwin Winkler and Robert Chartoff, Producers",Raging Bull,False
1980,1981,53,"Claude Berri, Producer;  Timothy Burrill, Co-Producer",Tess,False
1981,1982,54,"Denis Heroux and John Kemeny, Producers",Atlantic City,False
1981,1982,54,"David Puttnam, Producer",Chariots of Fire,True
1981,1982,54,"Bruce Gilbert, Producer",On Golden Pond,False
1981,1982,54,"Frank Marshall, Producer",Raiders of the Lost Ark,False
1981,1982,54,"Warren Beatty, Producer",Reds,False
1982,1983,55,"Steven Spielberg and Kathleen Kennedy, Producers",E.T. The Extra-Terrestrial,False
1982,1983,55,"Richard Attenborough, Producer",Gandhi,True
1982,1983,55,"Edward Lewis and Mildred Lewis, Producers",Missing,False
1982,1983,55,"Sydney Pollack and Dick Richards, Producers",Tootsie,False
1982,1983,55,"Richard D. Zanuck and David Brown, Producers",The Verdict,False
1983,1984,56,"Michael Shamberg, Producer",The Big Chill,False
1983,1984,56,"Peter Yates, Producer",The Dresser,False
1983,1984,56,"Irwin Winkler and Robert Chartoff, Producers",The Right Stuff,False
1983,1984,56,"Philip S. Hobel, Producer",Tender Mercies,False
1983,1984,56,"James L. Brooks, Producer",Terms of Endearment,True
1984,1985,57,"Saul Zaentz, Producer",Amadeus,True
1984,1985,57,"David Puttnam, Producer",The Killing Fields,False
1984,1985,57,"John Brabourne and Richard Goodwin, Producers",A Passage to India,False
1984,1985,57,"Arlene Donovan, Producer",Places in the Heart,False
1984,1985,57,"Norman Jewison, Ronald L. Schwary and Patrick Palmer, Producers",A Soldier's Story,False
1985,1986,58,"Steven Spielberg, Kathleen Kennedy, Frank Marshall and Quincy Jones, Producers",The Color Purple,False
1985,1986,58,"David Weisman, Producer",Kiss of the Spider Woman,False
1985,1986,58,"Sydney Pollack, Producer",Out of Africa,True
1985,1986,58,"John Foreman, Producer",Prizzi's Honor,False
1985,1986,58,"Edward S. Feldman, Producer",Witness,False
1986,1987,59,"Burt Sugarman and Patrick Palmer, Producers",Children of a Lesser God,False
1986,1987,59,"Robert Greenhut, Producer",Hannah and Her Sisters,False
1986,1987,59,"Fernando Ghia and David Puttnam, Producers",The Mission,False
1986,1987,59,"Arnold Kopelson, Producer",Platoon,True
1986,1987,59,"Ismail Merchant, Producer",A Room with a View,False
1987,1988,60,"James L. Brooks, Producer",Broadcast News,False
1987,1988,60,"Stanley R. Jaffe and Sherry Lansing, Producers",Fatal Attraction,False
1987,1988,60,"John Boorman, Producer",Hope and Glory,False
1987,1988,60,"Jeremy Thomas, Producer",The Last Emperor,True
1987,1988,60,"Patrick Palmer and Norman Jewison, Producers",Moonstruck,False
1988,1989,61,"Lawrence Kasdan, Charles Okun and Michael Grillo, Producers",The Accidental Tourist,False
1988,1989,61,"Norma Heyman and Hank Moonjean, Producers",Dangerous Liaisons,False
1988,1989,61,"Frederick Zollo and Robert F. Colesberry, Producers",Mississippi Burning,False
1988,1989,61,"Mark Johnson, Producer",Rain Man,True
1988,1989,61,"Douglas Wick, Producer",Working Girl,False
1989,1990,62,"A. Kitman Ho and Oliver Stone, Producers",Born on the Fourth of July,False
1989,1990,62,"Steven Haft, Paul Junger Witt and Tony Thomas, Producers",Dead Poets Society,False
1989,1990,62,"Richard D. Zanuck and Lili Fini Zanuck, Producers",Driving Miss Daisy,True
1989,1990,62,"Lawrence Gordon and Charles Gordon, Producers",Field of Dreams,False
1989,1990,62,"Noel Pearson, Producer",My Left Foot: The Story of Christy Brown,False
1990,1991,63,"Walter F. Parkes and Lawrence Lasker, Producers",Awakenings,False
1990,1991,63,"Jim Wilson and Kevin Costner, Producers",Dances With Wolves,True
1990,1991,63,"Lisa Weinstein, Producer",Ghost,False
1990,1991,63,"Francis Ford Coppola, Producer",The Godfather Part III,False
1990,1991,63,"Irwin Winkler, Producer",GoodFellas,False
1991,1992,64,"Don Hahn, Producer",Beauty and the Beast,False
1991,1992,64,"Mark Johnson, Barry Levinson and Warren Beatty, Producers",Bugsy,False
1991,1992,64,"A. Kitman Ho and Oliver Stone, Producers",JFK,False
1991,1992,64,"Barbra Streisand and Andrew Karsch, Producers",The Prince of Tides,False
1991,1992,64,"Edward Saxon, Kenneth Utt and Ron Bozman, Producers",The Silence of the Lambs,True
1992,1993,65,"Stephen Woolley, Producer",The Crying Game,False
1992,1993,65,"David Brown, Rob Reiner and Andrew Scheinman, Producers",A Few Good Men,False
1992,1993,65,"Ismail Merchant, Producer",Howards End,False
1992,1993,65,"Martin Brest, Producer",Scent of a Woman,False
1992,1993,65,"Clint Eastwood, Producer",Unforgiven,True
1993,1994,66,"Arnold Kopelson, Producer",The Fugitive,False
1993,1994,66,"Jim Sheridan, Producer",In the Name of the Father,False
1993,1994,66,"Jan Chapman, Producer",The Piano,False
1993,1994,66,"Mike Nichols, John Calley and Ismail Merchant, Producers",The Remains of the Day,False
1993,1994,66,"Steven Spielberg, Gerald R. Molen and Branko Lustig, Producers",Schindler's List,True
1994,1995,67,"Wendy Finerman, Steve Tisch and Steve Starkey, Producers",Forrest Gump,True
1994,1995,67,"Duncan Kenworthy, Producer",Four Weddings and a Funeral,False
1994,1995,67,"Lawrence Bender, Producer",Pulp Fiction,False
1994,1995,67,"Robert Redford, Michael Jacobs, Julian Krainin and Michael Nozik, Producers",Quiz Show,False
1994,1995,67,"Niki Marvin, Producer",The Shawshank Redemption,False
1995,1996,68,"Brian Grazer, Producer",Apollo 13,False
1995,1996,68,"George Miller, Doug Mitchell and Bill Miller, Producers",Babe,False
1995,1996,68,"Mel Gibson, Alan Ladd, Jr. and Bruce Davey, Producers",Braveheart,True
1995,1996,68,"Mario Cecchi Gori, Vittorio Cecchi Gori and Gaetano Daniele, Producers",The Postman,False
1995,1996,68,"Lindsay Doran, Producer",Sense and Sensibility,False
1996,1997,69,"Saul Zaentz, Producer",The English Patient,True
1996,1997,69,"Ethan Coen, Producer",Fargo,False
1996,1997,69,"James L. Brooks, Laurence Mark, Richard Sakai and Cameron Crowe, Producers",Jerry Maguire,False
1996,1997,69,"Simon Channing-Williams, Producer",Secrets & Lies,False
1996,1997,69,"Jane Scott, Producer",Shine,False
1997,1998,70,"James L. Brooks, Bridget Johnson and Kristi Zea, Producers",As Good as It Gets,False
1997,1998,70,"Uberto Pasolini, Producer",The Full Monty,False
1997,1998,70,"Lawrence Bender, Producer",Good Will Hunting,False
1997,1998,70,"Arnon Milchan, Curtis Hanson and Michael Nathanson, Producers",L.A. Confidential,False
1997,1998,70,"James Cameron and Jon Landau, Producers",Titanic,True
1998,1999,71,"Alison Owen, Eric Fellner and Tim Bevan, Producers",Elizabeth,False
1998,1999,71,"Elda Ferri and Gianluigi Braschi, Producers",Life Is Beautiful,False
1998,1999,71,"Steven Spielberg, Ian Bryce, Mark Gordon and Gary Levinsohn, Producers",Saving Private Ryan,False
1998,1999,71,"David Parfitt, Donna Gigliotti, Harvey Weinstein, Edward Zwick and Marc Norman, Producers",Shakespeare in Love,True
1998,1999,71,"Robert Michael Geisler, John Roberdeau and Grant Hill, Producers",The Thin Red Line,False
1999,2000,72,"Bruce Cohen and Dan Jinks, Producers",American Beauty,True
1999,2000,72,"Richard N. Gladstein, Producer",The Cider House Rules,False
1999,2000,72,"David Valdes and Frank Darabont, Producers",The Green Mile,False
1999,2000,72,"Michael Mann and Pieter Jan Brugge, Producers",The Insider,False
1999,2000,72,"Frank Marshall, Kathleen Kennedy and Barry Mendel, Producers",The Sixth Sense,False
2000,2001,73,"David Brown, Kit Golden and Leslie Holleran, Producers",Chocolat,False
2000,2001,73,"Bill Kong, Hsu Li Kong and Ang Lee, Producers","Crouching Tiger, Hidden Dragon",False
2000,2001,73,"Danny DeVito, Michael Shamberg and Stacey Sher, Producers",Erin Brockovich,False
2000,2001,73,"Douglas Wick, David Franzoni and Branko Lustig, Producers",Gladiator,True
2000,2001,73,"Edward Zwick, Marshall Herskovitz and Laura Bickford, Producers",Traffic,False
2001,2002,74,"Brian Grazer and Ron Howard, Producers",A Beautiful Mind,True
2001,2002,74,"Robert Altman, Bob Balaban and David Levy, Producers",Gosford Park,False
2001,2002,74,"Graham Leader, Ross Katz and Todd Field, Producers",In the Bedroom,False
2001,2002,74,"Peter Jackson, Fran Walsh and Barrie M. Osborne, Producers",The Lord of the Rings: The Fellowship of the Ring,False
2001,2002,74,"Martin Brown, Baz Luhrmann and Fred Baron, Producers",Moulin Rouge!,False
2002,2003,75,"Martin Richards, Producer",Chicago,True
2002,2003,75,"Alberto Grimaldi and Harvey Weinstein, Producers",Gangs of New York,False
2002,2003,75,"Scott Rudin and Robert Fox, Producers",The Hours,False
2002,2003,75,"Barrie M. Osborne, Fran Walsh and Peter Jackson, Producers",The Lord of the Rings: The Two Towers,False
2002,2003,75,"Roman Polanski, Robert Benmussa and Alain Sarde, Producers",The Pianist,False
2003,2004,76,"Barrie M. Osborne, Peter Jackson and Fran Walsh, Producers",The Lord of the Rings: The Return of the King,True
2003,2004,76,"Ross Katz and Sofia Coppola, Producers",Lost in Translation,False
2003,2004,76,"Samuel Goldwyn, Jr., Peter Weir and Duncan Henderson, Producers",Master and Commander: The Far Side of the World,False
2003,2004,76,"Robert Lorenz, Judie G. Hoyt and Clint Eastwood, Producers",Mystic River,False
2003,2004,76,"Kathleen Kennedy, Frank Marshall and Gary Ross, Producers",Seabiscuit,False
2004,2005,77,"Michael Mann and Graham King, Producers",The Aviator,False
2004,2005,77,"Richard N. Gladstein and Nellie Bellflower, Producers",Finding Neverland,False
2004,2005,77,"Clint Eastwood, Albert S. Ruddy and Tom Rosenberg, Producers",Million Dollar Baby,True
2004,2005,77,"Taylor Hackford, Stuart Benjamin and Howard Baldwin, Producers",Ray,False
2004,2005,77,"Michael London, Producer",Sideways,False
2005,2006,78,"Diana Ossana and James Schamus, Producers",Brokeback Mountain,False
2005,2006,78,"Caroline Baron, William Vince and Michael Ohoven, Producers",Capote,False
2005,2006,78,"Paul Haggis and Cathy Schulman, Producers",Crash,True
2005,2006,78,"Grant Heslov, Producer","Good Night, and Good Luck.",False
2005,2006,78,"Kathleen Kennedy, Steven Spielberg and Barry Mendel, Producers",Munich,False
2006,2007,79,"Alejandro González Iñárritu, Jon Kilik and Steve Golin, Producers",Babel,False
2006,2007,79,"Graham King, Producer",The Departed,True
2006,2007,79,"Clint Eastwood, Steven Spielberg and Robert Lorenz, Producers",Letters from Iwo Jima,False
2006,2007,79,"David T. Friendly, Peter Saraf and Marc Turtletaub, Producers",Little Miss Sunshine,False
2006,2007,79,"Andy Harries, Christine Langan and Tracey Seaward, Producers",The Queen,False
2007,2008,80,"Tim Bevan, Eric Fellner and Paul Webster, Producers",Atonement,False
2007,2008,80,"Lianne Halfon, Mason Novick and Russell Smith, Producers",Juno,False
2007,2008,80,"Sydney Pollack, Jennifer Fox and Kerry Orent, Producers",Michael Clayton,False
2007,2008,80,"Scott Rudin, Ethan Coen and Joel Coen, Producers",No Country for Old Men,True
2007,2008,80,"JoAnne Sellar, Paul Thomas Anderson and Daniel Lupi, Producers",There Will Be Blood,False
2008,2009,81,"Kathleen Kennedy, Frank Marshall and Ceán Chaffin, Producers",The Curious Case of Benjamin Button,False
2008,2009,81,"Brian Grazer, Ron Howard and Eric Fellner, Producers",Frost/Nixon,False
2008,2009,81,"Dan Jinks and Bruce Cohen, Producers",Milk,False
2008,2009,81,"Anthony Minghella, Sydney Pollack, Donna Gigliotti and Redmond Morris, Producers",The Reader,False
2008,2009,81,"Christian Colson, Producer",Slumdog Millionaire,True
2009,2010,82,"James Cameron and Jon Landau, Producers",Avatar,False
2009,2010,82,"Gil Netter, Andrew A. Kosove and Broderick Johnson, Producers",The Blind Side,False
2009,2010,82,"Peter Jackson and Carolynne Cunningham, Producers",District 9,False
2009,2010,82,"Finola Dwyer and Amanda Posey, Producers",An Education,False
2009,2010,82,"Kathryn Bigelow, Mark Boal, Nicolas Chartier and Greg Shapiro, Producers",The Hurt Locker,True
2009,2010,82,"Lawrence Bender, Producer",Inglourious Basterds,False
2009,2010,82,"Lee Daniels, Sarah Siegel-Magness and Gary Magness, Producers",Precious,False
2009,2010,82,"Joel Coen and Ethan Coen, Producers",A Serious Man,False
2009,2010,82,"Jonas Rivera, Producer",Up,False
2009,2010,82,"Daniel Dubiecki, Ivan Reitman and Jason Reitman, Producers",Up in the Air,False
2010,2011,83,"Mike Medavoy, Brian Oliver and Scott Franklin, Producers",Black Swan,False
2010,2011,83,"David Hoberman, Todd Lieberman and Mark Wahlberg, Producers",The Fighter,False
2010,2011,83,"Emma Thomas and Christopher Nolan, Producers",Inception,False
2010,2011,83,"Gary Gilbert, Jeffrey Levy-Hinte and Celine Rattray, Producers",The Kids Are All Right,False
2010,2011,83,"Iain Canning, Emile Sherman and Gareth Unwin, Producers",The King's Speech,True
2010,2011,83,"Christian Colson, Danny Boyle and John Smithson, Producers",127 Hours,False
2010,2011,83,"Scott Rudin, Dana Brunetti, Michael De Luca and Ceán Chaffin, Producers",The Social Network,False
2010,2011,83,"Darla K. Anderson, Producer",Toy Story 3,False
2010,2011,83,"Scott Rudin, Ethan Coen and Joel Coen, Producers",True Grit,False
2010,2011,83,"Anne Rosellini and Alix Madigan-Yorkin, Producers",Winter's Bone,False
2011,2012,84,"Thomas Langmann, Producer",The Artist,True
2011,2012,84,"Jim Burke, Alexander Payne and Jim Taylor, Producers",The Descendants,False
2011,2012,84,"Scott Rudin, Producer",Extremely Loud & Incredibly Close,False
2011,2012,84,"Brunson Green, Chris Columbus and Michael Barnathan, Producers",The Help,False
2011,2012,84,"Graham King and Martin Scorsese, Producers",Hugo,False
2011,2012,84,"Letty Aronson and Stephen Tenenbaum, Producers",Midnight in Paris,False
2011,2012,84,"Michael De Luca, Rachael Horovitz and Brad Pitt, Producers",Moneyball,False
2011,2012,84,"Sarah Green, Bill Pohlad, Dede Gardner and Grant Hill, Producers",The Tree of Life,False
2011,2012,84,"Steven Spielberg and Kathleen Kennedy, Producers",War Horse,False
2012,2013,85,"Margaret Menegoz, Stefan Arndt, Veit Heiduschka and Michael Katz, Producers",Amour,False
2012,2013,85,"Grant Heslov, Ben Affleck and George Clooney, Producers",Argo,True
2012,2013,85,"Dan Janvey, Josh Penn and Michael Gottwald, Producers",Beasts of the Southern Wild,False
2012,2013,85,"Stacey Sher, Reginald Hudlin and Pilar Savone, Producers",Django Unchained,False
2012,2013,85,"Tim Bevan, Eric Fellner, Debra Hayward and Cameron Mackintosh, Producers",Les Misérables,False
2012,2013,85,"Gil Netter, Ang Lee and David Womark, Producers",Life of Pi,False
2012,2013,85,"Steven Spielberg and Kathleen Kennedy, Producers",Lincoln,False
2012,2013,85,"Donna Gigliotti, Bruce Cohen and Jonathan Gordon, Producers",Silver Linings Playbook,False
2012,2013,85,"Mark Boal, Kathryn Bigelow and Megan Ellison, Producers",Zero Dark Thirty,False
2013,2014,86,"Charles Roven, Richard Suckle, Megan Ellison and Jonathan Gordon, Producers",American Hustle,False
2013,2014,86,"Scott Rudin, Dana Brunetti and Michael De Luca, Producers",Captain Phillips,False
2013,2014,86,"Robbie Brenner and Rachel Winter, Producers",Dallas Buyers Club,False
2013,2014,86,"Alfonso Cuarón and David Heyman, Producers",Gravity,False
2013,2014,86,"Megan Ellison, Spike Jonze and Vincent Landay, Producers",Her,False
2013,2014,86,"Albert Berger and Ron Yerxa, Producers",Nebraska,False
2013,2014,86,"Gabrielle Tana, Steve Coogan and Tracey Seaward, Producers",Philomena,False
2013,2014,86,"Brad Pitt, Dede Gardner, Jeremy Kleiner, Steve McQueen and Anthony Katagas, Producers",12 Years a Slave,True
2013,2014,86,"Martin Scorsese, Leonardo DiCaprio, Joey McFarland and Emma Tillinger Koskoff, Producers",The Wolf of Wall Street,False
2014,2015,87,"Clint Eastwood, Robert Lorenz, Andrew Lazar, Bradley Cooper and Peter Morgan, Producers",American Sniper,False
2014,2015,87,"Alejandro G. Iñárritu, John Lesher and James W. Skotchdopole, Producers",Birdman or (The Unexpected Virtue of Ignorance),True
2014,2015,87,"Richard Linklater and Cathleen Sutherland, Producers",Boyhood,False
2014,2015,87,"Wes Anderson, Scott Rudin, Steven Rales and Jeremy Dawson, Producers",The Grand Budapest Hotel,False
2014,2015,87,"Nora Grossman, Ido Ostrowsky and Teddy Schwarzman, Producers",The Imitation Game,False
2014,2015,87,"Christian Colson, Oprah Winfrey, Dede Gardner and Jeremy Kleiner, Producers",Selma,False
2014,2015,87,"Tim Bevan, Eric Fellner, Lisa Bruce and Anthony McCarten, Producers",The Theory of Everything,False
2014,2015,87,"Jason Blum, Helen Estabrook and David Lancaster, Producers",Whiplash,False
2015,2016,88,"Brad Pitt, Dede Gardner and Jeremy Kleiner, Producers",The Big Short,False
2015,2016,88,"Steven Spielberg, Marc Platt and Kristie Macosko Krieger, Producers",Bridge of Spies,False
2015,2016,88,"Finola Dwyer and Amanda Posey, Producers",Brooklyn,False
2015,2016,88,"Doug Mitchell and George Miller, Producers",Mad Max: Fury Road,False
2015,2016,88,"Simon Kinberg, Ridley Scott, Michael Schaefer and Mark Huffam, Producers",The Martian,False
2015,2016,88,"Arnon Milchan, Steve Golin, Alejandro G. Iñárritu, Mary Parent and Keith Redmon, Producers",The Revenant,False
2015,2016,88,"Ed Guiney, Producer",Room,False
2015,2016,88,"Michael Sugar, Steve Golin, Nicole Rocklin and Blye Pagon Faust, Producers",Spotlight,True
2016,2017,89,"Shawn Levy, Dan Levine, Aaron Ryder and David Linde, Producers",Arrival,False
2016,2017,89,"Scott Rudin, Denzel Washington and Todd Black, Producers",Fences,False
2016,2017,89,"Bill Mechanic and David Permut, Producers",Hacksaw Ridge,False
2016,2017,89,"Carla Hacken and Julie Yorn, Producers",Hell or High Water,False
2016,2017,89,"Donna Gigliotti, Peter Chernin, Jenno Topping, Pharrell Williams and Theodore Melfi, Producers",Hidden Figures,False
2016,2017,89,"Fred Berger, Jordan Horowitz and Marc Platt, Producers",La La Land,False
2016,2017,89,"Emile Sherman, Iain Canning and Angie Fielder, Producers",Lion,False
2016,2017,89,"Matt Damon, Kimberly Steward, Chris Moore, Lauren Beck and Kevin J. Walsh, Producers",Manchester by the Sea,False
2016,2017,89,"Adele Romanski, Dede Gardner and Jeremy Kleiner, Producers",Moonlight,True
2017,2018,90,"Peter Spears, Luca Guadagnino, Emilie Georges and Marco Morabito, Producers",Call Me by Your Name,False
2017,2018,90,"Tim Bevan, Eric Fellner, Lisa Bruce, Anthony McCarten and Douglas Urbanski, Producers",Darkest Hour,False
2017,2018,90,"Emma Thomas and Christopher Nolan, Producers",Dunkirk,False
2017,2018,90,"Sean McKittrick, Jason Blum, Edward H. Hamm Jr. and Jordan Peele, Producers",Get Out,False
2017,2018,90,"Scott Rudin, Eli Bush and Evelyn O'Neill, Producers",Lady Bird,False
2017,2018,90,"JoAnne Sellar, Paul Thomas Anderson, Megan Ellison and Daniel Lupi, Producers",Phantom Thread,False
2017,2018,90,"Amy Pascal, Steven Spielberg and Kristie Macosko Krieger, Producers",The Post,False
2017,2018,90,"Guillermo del Toro and J. Miles Dale, Producers",The Shape of Water,True
2017,2018,90,"Graham Broadbent, Pete Czernin and Martin McDonagh, Producers","Three Billboards outside Ebbing, Missouri",False
2018,2019,91,"Kevin Feige, Producer",Black Panther,False
2018,2019,91,"Sean McKittrick, Jason Blum, Raymond Mansfield, Jordan Peele and Spike Lee, Producers",BlacKkKlansman,False
2018,2019,91,"Graham King, Producer",Bohemian Rhapsody,False
2018,2019,91,"Ceci Dempsey, Ed Guiney, Lee Magiday and Yorgos Lanthimos, Producers",The Favourite,False
2018,2019,91,"Jim Burke, Charles B. Wessler, Brian Currie, Peter Farrelly and Nick Vallelonga, Producers",Green Book,True
2018,2019,91,"Gabriela Rodríguez and Alfonso Cuarón, Producers",Roma,False
2018,2019,91,"Bill Gerber, Bradley Cooper and Lynette Howell Taylor, Producers",A Star Is Born,False
2018,2019,91,"Dede Gardner, Jeremy Kleiner, Adam McKay and Kevin Messick, Producers",Vice,False
2019,2020,92,"Peter Chernin, Jenno Topping and James Mangold, Producers",Ford v Ferrari,False
2019,2020,92,"Martin Scorsese, Robert De Niro, Jane Rosenthal and Emma Tillinger Koskoff, Producers",The Irishman,False
2019,2020,92,"Carthew Neal, Taika Waititi and Chelsea Winstanley, Producers",Jojo Rabbit,False
2019,2020,92,"Todd Phillips, Bradley Cooper and Emma Tillinger Koskoff, Producers",Joker,False
2019,2020,92,"Amy Pascal, Producer",Little Women,False
2019,2020,92,"Noah Baumbach and David Heyman, Producers",Marriage Story,False
2019,2020,92,"Sam Mendes, Pippa Harris, Jayne-Ann Tenggren and Callum McDougall, Producers",1917,False
2019,2020,92,"David Heyman, Shannon McIntosh and Quentin Tarantino, Producers",Once Upon a Time… in Hollywood,False
2019,2020,92,"Kwak Sin Ae and Bong Joon Ho, Producers",Parasite,True
2020,2021,93,"David Parfitt, Jean-Louis Livi and Philippe Carcassonne, Producers",The Father,False
2020,2021,93,"Shaka King, Charles D. King and Ryan Coogler, Producers",Judas and the Black Messiah,False
2020,2021,93,"Ceán Chaffin, Eric Roth and Douglas Urbanski, Producers",Mank,False
2020,2021,93,"Christina Oh, Producer",Minari,False
2020,2021,93,"Frances McDormand, Peter Spears, Mollye Asher, Dan Janvey and Chloé Zhao, Producers",Nomadland,True
2020,2021,93,"Ben Browning, Ashley Fox, Emerald Fennell and Josey McNamara, Producers",Promising Young Woman,False
2020,2021,93,"Bert Hamelinck and Sacha Ben Harroche, Producers",Sound of Metal,False
2020,2021,93,"Marc Platt and Stuart Besser, Producers",The Trial of the Chicago 7,False
2021,2022,94,"Laura Berwick, Kenneth Branagh, Becca Kovacik and Tamar Thomas, Producers",Belfast,False
2021,2022,94,"Philippe Rousselet, Fabrice Gianfermi and Patrick Wachsberger, Producers",CODA,True
2021,2022,94,"Adam McKay and Kevin Messick, Producers",Don't Look Up,False
2021,2022,94,"Teruhisa Yamamoto, Producer",Drive My Car,False
2021,2022,94,"Mary Parent, Denis Villeneuve and Cale Boyter, Producers",Dune,False
2021,2022,94,"Tim White, Trevor White and Will Smith, Producers",King Richard,False
2021,2022,94,"Sara Murphy, Adam Somner and Paul Thomas Anderson, Producers",Licorice Pizza,False
2021,2022,94,"Guillermo del Toro, J. Miles Dale and Bradley Cooper, Producers",Nightmare Alley,False
2021,2022,94,"Jane Campion, Tanya Seghatchian, Emile Sherman, Iain Canning and Roger Frappier, Producers",The Power of the Dog,False
2021,2022,94,"Steven Spielberg and Kristie Macosko Krieger, Producers",West Side Story,False
2022,2023,95,"Malte Grunert, Producer",All Quiet on the Western Front,False
2022,2023,95,"James Cameron and Jon Landau, Producers",Avatar: The Way of Water,False
2022,2023,95,"Graham Broadbent, Pete Czernin and Martin McDonagh, Producers",The Banshees of Inisherin,False
2022,2023,95,"Baz Luhrmann, Catherine Martin, Gail Berman, Patrick McCormick and Schuyler Weiss, Producers",Elvis,False
2022,2023,95,"Daniel Kwan, Daniel Scheinert and Jonathan Wang, Producers",Everything Everywhere All at Once,True
2022,2023,95,"Kristie Macosko Krieger, Steven Spielberg and Tony Kushner, Producers",The Fabelmans,False
2022,2023,95,"Todd Field, Alexandra Milchan and Scott Lambert, Producers",Tár,False
2022,2023,95,"Tom Cruise, Christopher McQuarrie, David Ellison and Jerry Bruckheimer, Producers",Top Gun: Maverick,False
2022,2023,95,"Erik Hemmendorff and Philippe Bober, Producers",Triangle of Sadness,False
2022,2023,95,"Dede Gardner, Jeremy Kleiner and Frances McDormand, Producers",Women Talking,False
